{"cameraMode":{"drawMode":0,"name":"Shaded","section":"Shading Mode"},"sceneLighting":true,"audioPlay":false,"sceneViewState":{"m_AlwaysRefresh":false,"showFog":true,"showSkybox":true,"showFlares":true,"showImageEffects":true,"showParticleSystems":true,"showVisualEffectGraphs":true,"m_FxEnabled":true},"in2DMode":false,"pivot":{"x":0.09030187129974365,"y":-0.30405473709106448,"z":-0.8014957904815674},"rotation":{"x":0.2105533927679062,"y":0.7102084159851074,"z":-0.23805180191993714,"w":0.6282023787498474},"size":0.7763878107070923,"orthographic":false}