{"cameraMode":{"drawMode":0,"name":"Shaded","section":"Shading Mode"},"sceneLighting":false,"audioPlay":false,"sceneViewState":{"m_AlwaysRefresh":false,"showFog":true,"showSkybox":false,"showFlares":true,"showImageEffects":true,"showParticleSystems":true,"showVisualEffectGraphs":true,"m_FxEnabled":true},"in2DMode":false,"pivot":{"x":-0.02163233608007431,"y":-0.020036861300468446,"z":-0.5579203367233276},"rotation":{"x":0.1412201225757599,"y":0.3390950858592987,"z":-0.05156618729233742,"w":0.9286804795265198},"size":0.3917866349220276,"orthographic":false}